TRIP_ID,CALL_TYPE,ORIGIN_CALL,ORIGIN_STAND,TAXI_ID,TIMESTAMP,DAY_TYPE,MISSING_DATA,POLYLINE,TIMESTAMP_END,POLYLINE_UTM
1399243165620000288,C,,,20000288,1399243165,A,False,"[[-8.593902, 41.139963], [-8.593938, 41.139936], [-8.593992, 41.13999], [-8.593947, 41.139945], [-8.592264, 41.140107], [-8.589789, 41.140485], [-8.587656, 41.142105], [-8.584785, 41.143644], [-8.581491, 41.143752], [-8.579367, 41.144112], [-8.577918, 41.144598], [-8.578224, 41.145345], [-8.579556, 41.146362], [-8.579736, 41.147784], [-8.578701, 41.149773], [-8.580357, 41.152275], [-8.582877, 41.155317], [-8.582193, 41.159331], [-8.581059, 41.162886], [-8.582787, 41.165973], [-8.586162, 41.166918], [-8.587512, 41.168268], [-8.586657, 41.170185], [-8.586567, 41.170356], [-8.585973, 41.171508], [-8.584506, 41.174469]]",1399243540,"[[534081.1524040796, 4554373.933440226], [534078.145128024, 4554370.922012973], [534073.5853008886, 4554376.8955624895], [534077.3851563204, 4554371.917604361], [534218.544515911, 4554390.561567954], [534426.0574688275, 4554433.499764863], [534604.2136934561, 4554614.185581369], [534844.3360925551, 4554786.178860608], [535120.7075996891, 4554799.491513953], [535298.7581892257, 4554840.314888974], [535420.0944289551, 4554894.855434891], [535394.0139250816, 4554977.657497669], [535281.6915929052, 4555090.016870162], [535265.8248921505, 4555247.804063301], [535351.6072154681, 4555469.028168544], [535211.3116166114, 4555746.111183444], [534998.2455679565, 4556082.796215956], [535053.4974061147, 4556528.677303838], [535146.7395448976, 4556923.785774625], [535000.1273597779, 4557265.786833192], [534716.4981149774, 4557369.342587238], [534602.5373233033, 4557518.672716386], [534673.2505384629, 4557731.825186444], [534680.7100257978, 4557750.84429691], [534729.9292923117, 4557878.968346087], [534851.4169946118, 4558208.264944901]]"
1399278326620000344,B,,12.0,20000344,1399278326,A,False,"[[-8.630712, 41.15502], [-8.630721, 41.155002], [-8.630757, 41.155029], [-8.63073, 41.15502], [-8.630757, 41.154903], [-8.630739, 41.15394], [-8.630649, 41.152932], [-8.630136, 41.152545], [-8.628804, 41.152491], [-8.627472, 41.152428], [-8.626473, 41.152536], [-8.626473, 41.152536], [-8.626473, 41.152536], [-8.626473, 41.152536], [-8.626338, 41.152581], [-8.625825, 41.151348], [-8.625735, 41.149746], [-8.625654, 41.148972], [-8.625654, 41.148972], [-8.62578, 41.149098], [-8.624898, 41.148441], [-8.623125, 41.147883], [-8.622666, 41.147784], [-8.621361, 41.147505], [-8.620677, 41.147469], [-8.62029, 41.146857], [-8.620065, 41.14611], [-8.61939, 41.146146], [-8.617869, 41.146407], [-8.617446, 41.145417], [-8.616402, 41.145048], [-8.615754, 41.145372], [-8.615565, 41.145462], [-8.614188, 41.146029], [-8.612766, 41.145957], [-8.611839, 41.146038], [-8.611596, 41.146047], [-8.61111, 41.14683], [-8.610867, 41.148018], [-8.6103, 41.149161], [-8.608707, 41.148972], [-8.608041, 41.148819], [-8.60814, 41.148756], [-8.60796, 41.148594], [-8.607348, 41.148441], [-8.607204, 41.148468], [-8.606745, 41.148369], [-8.606682, 41.14836], [-8.606376, 41.148288], [-8.60616, 41.148333], [-8.606142, 41.148369], [-8.606142, 41.148369]]",1399279091,"[[530984.8344232441, 4556031.698405455], [530984.0877592078, 4556029.696972092], [530981.0544872466, 4556032.6815062305], [530983.3241438157, 4556031.691999465], [530981.1138111548, 4556018.693894039], [530983.0775145548, 4555911.794987894], [530991.1037510984, 4555799.926152022], [531034.3305882828, 4555757.146947812], [531146.1210295811, 4555751.627902878], [531257.9159314745, 4555745.111452914], [531341.6883099284, 4555757.4599675285], [531341.6883099284, 4555757.4599675285], [531341.6883099284, 4555757.4599675285], [531341.6883099284, 4555757.4599675285], [531352.9943943532, 4555762.504147401], [531396.6272022288, 4555625.810294256], [531404.9434733181, 4555448.000376937], [531412.1096890433, 4555362.105768915], [531412.1096890433, 4555362.105768915], [531401.4766441839, 4555376.047919504], [531475.8012034188, 4555303.431044365], [531624.8467295237, 4555242.128405315], [531663.4106627749, 4555231.304959665], [531773.052659495, 4555200.807794137], [531830.4672503348, 4555197.061152495], [531863.2382557279, 4555129.26294484], [531882.4809222667, 4555046.418853109], [531939.1066105351, 4555050.662674209], [532066.6153036363, 4555080.195983299], [532102.5943549727, 4554970.449325912], [532190.383816944, 4554929.871076485], [532244.603413364, 4554966.078918839], [532260.4195668533, 4554976.1400594], [532375.6938675708, 4555039.595292341], [532495.0578210305, 4555032.13206442], [532572.8078626507, 4555041.470438444], [532593.1949674375, 4555042.560479887], [532633.5898792301, 4555129.665422578], [532653.3918142259, 4555261.639590559], [532700.4027977221, 4555388.739901846], [532834.1687614244, 4555368.357986167], [532890.1307146337, 4555351.624398635], [532881.8548670104, 4555344.593206441], [532897.0400769972, 4555326.6771375965], [532948.4712040524, 4555309.923594829], [532960.5411305245, 4555312.975438017], [532999.1067413911, 4555302.159031716], [533004.3977687842, 4555301.183795213], [533030.1112604217, 4555293.306912816], [533048.2138791627, 4555298.384444535], [533049.7062354083, 4555302.387734143], [533049.7062354083, 4555302.387734143]]"
1399297548620000589,B,,15.0,20000589,1399297548,A,False,"[[-8.585685, 41.14854], [-8.585685, 41.148531], [-8.585748, 41.148666], [-8.585766, 41.148936], [-8.58636, 41.148981], [-8.587395, 41.149179], [-8.587908, 41.149323], [-8.588457, 41.148414], [-8.588925, 41.147415], [-8.588133, 41.147316], [-8.587179, 41.147307], [-8.586684, 41.147154], [-8.585262, 41.146695], [-8.583552, 41.145624], [-8.581842, 41.144751], [-8.579691, 41.145543], [-8.579061, 41.145903], [-8.58006, 41.146749], [-8.579061, 41.14872], [-8.57898, 41.150916], [-8.581275, 41.153022], [-8.582994, 41.155767], [-8.582328, 41.159043], [-8.581032, 41.162445], [-8.582508, 41.16555], [-8.585667, 41.16681], [-8.588439, 41.167989], [-8.590302, 41.169069], [-8.592462, 41.170473], [-8.594469, 41.171967], [-8.594235, 41.174235]]",1399297998,"[[534766.2229234402, 4555329.337332939], [534766.227677512, 4555328.338218164], [534760.8698740652, 4555343.299787152], [534759.2168526691, 4555373.2660458945], [534709.3492555517, 4555378.024663305], [534622.3959979097, 4555399.593122904], [534579.2735253643, 4555415.375101306], [534533.6829348122, 4555314.246623649], [534494.9352694789, 4555203.159394422], [534561.44727418, 4555192.483192391], [534641.5062477657, 4555191.863177209], [534683.1244518661, 4555175.075278303], [534802.693572863, 4555124.687817342], [534946.7569980345, 4555006.478073894], [535090.719533523, 4554910.251675248], [535270.8018541918, 4554999.042766036], [535323.4760989333, 4555039.262715865], [535239.1909774735, 4555132.774704903], [535321.9643204312, 4555351.985609637], [535327.5824369407, 4555595.80255895], [535133.885268565, 4555828.666921086], [534988.1895070215, 4556132.704990218], [535042.3244395134, 4556496.65121898], [535149.2403278712, 4556874.839928968], [535023.7580449869, 4557218.94052147], [534758.0803908355, 4557357.55072362], [534524.9199955685, 4557487.33193324], [534368.0724257845, 4557606.488801049], [534186.1476652563, 4557761.500591413], [534017.0181658816, 4557926.5678821495], [534035.4728696492, 4558178.43732785]]"
1399332567620000337,B,,47.0,20000337,1399332567,A,False,"[[-8.654742, 41.17356], [-8.654742, 41.173551], [-8.654742, 41.17356], [-8.654751, 41.173551], [-8.654751, 41.173551], [-8.65476, 41.173533], [-8.655039, 41.173146], [-8.654832, 41.173362], [-8.653338, 41.174982]]",1399332687,"[[528960.44816082, 4558081.60428194], [528960.4521244657, 4558080.605163916], [528960.44816082, 4558081.60428194], [528959.6971977269, 4558080.602169051], [528959.6971977269, 4558080.602169051], [528958.9501978643, 4558078.600938218], [528935.7177520152, 4558035.546065274], [528952.9860717795, 4558059.5937406365], [529077.5879052972, 4558239.933107653]]"
1399361922620000005,A,31531.0,,20000005,1399361922,A,False,"[[-8.614134, 41.149314], [-8.61417, 41.149044], [-8.614422, 41.148], [-8.6148, 41.14746], [-8.614827, 41.14746], [-8.615691, 41.147244], [-8.61705, 41.147244], [-8.617743, 41.147172], [-8.617824, 41.14683], [-8.61777, 41.146614], [-8.617779, 41.146632], [-8.617779, 41.146623], [-8.617725, 41.146425], [-8.617428, 41.145129], [-8.617329, 41.14476], [-8.617842, 41.143824], [-8.617941, 41.143257], [-8.617302, 41.142663], [-8.616204, 41.142591], [-8.615403, 41.142735], [-8.615385, 41.142735], [-8.615385, 41.142717]]",1399362237,"[[532378.6092727854, 4555404.292036908], [532375.721269162, 4555374.305218027], [532355.088651988, 4555258.314289449], [532323.634586914, 4555198.227050272], [532321.3689069429, 4555198.217027704], [532248.9729799492, 4555173.917938793], [532134.9333833052, 4555173.415509359], [532076.8158309773, 4555165.167076738], [532070.1853970514, 4555127.170909783], [532074.822057848, 4555103.212065269], [532074.0580502683, 4555105.2069779355], [532074.062435894, 4555104.207864023], [532078.6903504453, 4555082.24725043], [532104.245320178, 4554938.484324147], [532112.7331235341, 4554897.557169634], [532070.1394485101, 4554793.460308967], [532062.1076568979, 4554730.47971117], [532116.0219623154, 4554664.773701082], [532208.2015534143, 4554657.1863178415], [532275.3510964479, 4554673.468695074], [532276.8616581785, 4554673.475366565], [532276.8704836759, 4554671.477140014]]"
1399340585620000297,C,,,20000297,1399340585,A,False,"[[-8.655516, 41.153355], [-8.655129, 41.153319], [-8.654796, 41.152329], [-8.654274, 41.152176], [-8.651826, 41.152401], [-8.650395, 41.153643], [-8.649801, 41.153895], [-8.647956, 41.154669], [-8.646138, 41.156271], [-8.645202, 41.157918], [-8.64576, 41.157162], [-8.647389, 41.158899], [-8.649198, 41.161374], [-8.647992, 41.164038], [-8.644752, 41.165586], [-8.641467, 41.167575], [-8.638425, 41.169825], [-8.634636, 41.171418], [-8.630433, 41.172291], [-8.626158, 41.17302], [-8.621613, 41.173443], [-8.617005, 41.173902], [-8.612523, 41.17446], [-8.608275, 41.173389], [-8.605314, 41.171193], [-8.605737, 41.169924], [-8.606529, 41.167674], [-8.607366, 41.16645], [-8.608374, 41.165595], [-8.6085, 41.164551], [-8.608509, 41.164533], [-8.608518, 41.164425], [-8.608941, 41.163039], [-8.60913, 41.162625], [-8.609139, 41.162643], [-8.609382, 41.16204], [-8.609535, 41.161626], [-8.609544, 41.161581], [-8.609877, 41.160627], [-8.609913, 41.159682], [-8.609958, 41.157882], [-8.609409, 41.157324], [-8.609346, 41.157324], [-8.609175, 41.157396], [-8.608635, 41.158404], [-8.608203, 41.159232]]",1399341260,"[[528904.4011016211, 4555838.330997847], [528936.8887495216, 4555834.463091747], [528965.2653821078, 4555724.671234477], [529009.132705629, 4555707.860081715], [529214.4396320409, 4555733.656463902], [529333.9579478416, 4555872.015418669], [529383.6856720184, 4555900.190932757], [529538.144479502, 4555986.739127799], [529689.960629885, 4556165.199998935], [529767.7485062126, 4556348.35772859], [529721.273414447, 4556264.2413861705], [529583.8165761676, 4556456.515807813], [529430.935274874, 4556730.659470321], [529530.9182814873, 4557026.806316406], [529802.0299034163, 4557199.758634586], [530076.7020640706, 4557421.693421863], [530330.8529026167, 4557672.528406944], [530647.952774423, 4557850.699599372], [531000.1035817494, 4557949.10262293], [531358.3531638419, 4558031.562746635], [531739.3902544247, 4558080.16890996], [532125.6893425843, 4558132.814722357], [532501.365277076, 4558196.424255644], [532858.2211722839, 4558079.124280895], [533107.6984256584, 4557836.461515785], [533072.8537334693, 4557695.425017407], [533007.5456495283, 4557445.34488053], [532937.9440843042, 4557309.147808909], [532853.8101525987, 4557213.850698039], [532843.7611690819, 4557097.905545769], [532843.0151257262, 4557095.903915584], [532842.3140170086, 4557083.911113957], [532807.5187534383, 4556929.887579834], [532791.8691180985, 4556883.856988609], [532791.1050929899, 4556885.851831901], [532771.0190636064, 4556818.819498124], [532758.3892071741, 4556772.802542708], [532757.656550375, 4556767.803572679], [532730.1937837468, 4556661.7719608415], [532727.6435771954, 4556556.851205743], [532724.7634376102, 4556357.011060092], [532771.1028965873, 4556295.272387982], [532776.3886912664, 4556295.296105138], [532790.6999657056, 4556303.353426842], [532835.503672373, 4556415.457956161], [532871.3348391259, 4556507.539676455]]"
1399406750620000546,B,,60.0,20000546,1399406750,A,False,"[[-8.60949, 41.151222], [-8.609445, 41.15115], [-8.609445, 41.151546], [-8.609913, 41.152923], [-8.609517, 41.154282], [-8.609184, 41.155587], [-8.609274, 41.156712], [-8.609049, 41.157135], [-8.608806, 41.157882], [-8.607681, 41.160366], [-8.606322, 41.165253], [-8.606439, 41.168358], [-8.604801, 41.171139], [-8.605125, 41.172984], [-8.60751, 41.173371], [-8.610048, 41.174352], [-8.613846, 41.174568], [-8.61768, 41.173992], [-8.621154, 41.173623], [-8.624493, 41.173281], [-8.628264, 41.172858], [-8.632377, 41.171994], [-8.636364, 41.17104], [-8.640288, 41.168871], [-8.643114, 41.168205], [-8.645184, 41.169636], [-8.6481, 41.171904], [-8.651502, 41.174784]]",1399407155,"[[532767.3452829417, 4555617.8416788215], [532771.1570540296, 4555609.865696559], [532770.9598601003, 4555653.826750604], [532731.0056212333, 4555806.515303496], [532763.556198848, 4555957.530654188], [532790.8463661417, 4556102.52776922], [532782.7345219925, 4556227.383337367], [532801.4016595598, 4556274.426532425], [532821.4171491418, 4556357.444741393], [532914.5628156372, 4556633.625575028], [533026.1261115223, 4557176.660784576], [533014.7522525531, 4557521.311967702], [533150.7580461361, 4557830.662079755], [533122.6503712559, 4558035.358016379], [532922.3991606396, 4558077.415154495], [532709.0211189112, 4558185.36209917], [532390.3393120413, 4558207.920435112], [532069.0262158668, 4558142.556958497], [531777.8046154028, 4558100.318778493], [531497.8907835514, 4558061.138444032], [531181.7756248198, 4558012.8219270995], [530837.1754951715, 4557915.441103115], [530503.1774246291, 4557808.129584423], [530175.0118772943, 4557565.9743907275], [529938.2511241315, 4557491.063809163], [529763.9562254493, 4557649.213524741], [529518.3273736859, 4557899.998073473], [529231.677634543, 4558218.567578559]]"
1399437048620000353,C,,,20000353,1399437438,A,False,"[[-8.650674, 41.17401], [-8.647317, 41.171292], [-8.644482, 41.169024], [-8.642232, 41.167206], [-8.640144, 41.165523], [-8.638254, 41.164569], [-8.63622, 41.164209], [-8.633547, 41.163273], [-8.632386, 41.162076], [-8.630559, 41.162922], [-8.628705, 41.163525], [-8.626041, 41.16339], [-8.623413, 41.163174], [-8.622216, 41.162895], [-8.622216, 41.16285], [-8.620839, 41.162724], [-8.617878, 41.162499], [-8.614431, 41.162103], [-8.611713, 41.161752], [-8.611614, 41.161743], [-8.61129, 41.161725], [-8.609679, 41.161392], [-8.609949, 41.159583], [-8.610075, 41.157153], [-8.610147, 41.155182], [-8.610111, 41.153247], [-8.610417, 41.151564], [-8.61102, 41.150682], [-8.610948, 41.150628], [-8.61093, 41.150583], [-8.611002, 41.150223], [-8.611182, 41.148477], [-8.611452, 41.146596], [-8.611038, 41.146047], [-8.61084, 41.144877], [-8.610156, 41.143221], [-8.607834, 41.142708], [-8.605404, 41.142816], [-8.605332, 41.142987], [-8.605197, 41.143293]]",1399438023,"[[529301.474491675, 4558132.921859699], [529584.2829652525, 4557832.323926228], [529823.1215392991, 4557581.513841417], [530012.6958250169, 4557380.465553689], [530188.6281917444, 4557194.352749952], [530347.6223322032, 4557089.103589176], [530518.426142346, 4557049.850056811], [530743.1087391031, 4556946.882534298], [530841.0707175444, 4556814.41073407], [530993.9490465042, 4556908.976588389], [531149.2036148094, 4556976.579189655], [531372.7604718857, 4556962.549160458], [531593.3369760023, 4556939.520853473], [531693.8925438456, 4556908.983372679], [531693.9142245059, 4556903.987789388], [531809.4977945662, 4556890.50243391], [532058.0193614097, 4556866.610767695], [532347.3997808364, 4556823.924818034], [532575.6012945189, 4556785.972839217], [532583.9114416727, 4556785.010775064], [532611.1026246835, 4556783.133870499], [532746.4246585293, 4556746.7713306565], [532724.6724744512, 4556545.847392926], [532715.3095206724, 4556276.038696102], [532710.2484156849, 4556057.205305982], [532714.2309416826, 4555842.4090320775], [532689.3914974913, 4555655.459587128], [532639.2318948605, 4555557.320115191], [532645.3001989282, 4555551.352419855], [532646.8329024916, 4555546.363595319], [532640.969924664, 4555506.372014063], [532626.7315688309, 4555312.476339317], [532605.0069039735, 4555103.56034138], [532640.020028042, 4555042.769491824], [532657.2158407219, 4554912.958932549], [532715.438329998, 4554729.378778828], [532910.5558409003, 4554673.304256502], [533114.4274598593, 4554686.2148185205], [533120.383666262, 4554705.225356076], [533131.5588286292, 4554739.246569597]]"
1399461823620000697,B,,33.0,20000697,1399462303,A,False,"[[-8.600418, 41.175801], [-8.599932, 41.175009], [-8.599428, 41.174145], [-8.599329, 41.173929], [-8.599158, 41.173659], [-8.598438, 41.172435], [-8.597754, 41.171301], [-8.597457, 41.170554], [-8.597277, 41.169816], [-8.597286, 41.169816], [-8.59716, 41.169618], [-8.596458, 41.169591], [-8.596485, 41.169627], [-8.596467, 41.169636], [-8.596467, 41.169636], [-8.596449, 41.169609]]",1399462528,"[[533516.0449184544, 4558349.884377619], [533557.2137919115, 4558262.149177004], [533599.9302707295, 4558166.428212187], [533608.3447937539, 4558142.487584079], [533622.8263858552, 4558112.580066974], [533683.8474385855, 4557976.978325996], [533741.8047309404, 4557851.354337813], [533767.1017366158, 4557768.542693058], [533782.5800645222, 4557686.684841568], [533781.8250942355, 4557686.681348273], [533792.4964143633, 4557664.749660055], [533851.3981717337, 4557662.025101774], [533849.1147246654, 4557666.011073783], [533850.6200372824, 4557667.017192586], [533850.6200372824, 4557667.017192586], [533852.1438795745, 4557664.026838729]]"
1399481614620000224,C,,,20000224,1399481614,A,False,"[[-8.614584, 41.150655], [-8.61453, 41.151501], [-8.613972, 41.151834], [-8.613873, 41.152761], [-8.613684, 41.153535], [-8.612586, 41.153814], [-8.612199, 41.154246], [-8.612595, 41.155128], [-8.613171, 41.155173], [-8.613162, 41.155164], [-8.613432, 41.155308], [-8.613945, 41.155632], [-8.616591, 41.155857], [-8.617113, 41.155893], [-8.617491, 41.156073], [-8.618076, 41.157045], [-8.616969, 41.158098], [-8.617167, 41.15952], [-8.616492, 41.162085], [-8.616438, 41.162265], [-8.616348, 41.163156], [-8.617788, 41.163597], [-8.619984, 41.163876], [-8.620362, 41.16393], [-8.620353, 41.163921], [-8.620344, 41.163921], [-8.621721, 41.164101], [-8.624331, 41.164542], [-8.626689, 41.16474], [-8.626842, 41.164731], [-8.626833, 41.165667], [-8.626572, 41.166414], [-8.626581, 41.166396], [-8.626581, 41.166396], [-8.626572, 41.166405], [-8.626464, 41.166684], [-8.626419, 41.1669], [-8.627112, 41.166972], [-8.627823, 41.167215], [-8.627931, 41.167296], [-8.628705, 41.167647], [-8.630208, 41.168187], [-8.631495, 41.169078], [-8.632305, 41.170419], [-8.632989, 41.172435], [-8.633952, 41.174226], [-8.635284, 41.173983], [-8.637804, 41.173371], [-8.63964, 41.17302], [-8.640243, 41.17293], [-8.641926, 41.173254], [-8.643636, 41.174766], [-8.644824, 41.175909], [-8.644977, 41.175945], [-8.645094, 41.175873], [-8.645139, 41.175873]]",1399482439,"[[532340.1900381052, 4555552.992862874], [532344.3053876237, 4555646.929706865], [532390.9626647049, 4555684.104395757], [532398.8132179723, 4555787.050071617], [532414.2904457405, 4555873.044319204], [532506.2817742479, 4555904.426263359], [532538.5397712173, 4555952.528361167], [532504.8775319572, 4556050.293744944], [532456.5264597542, 4556055.074427987], [532457.2860372871, 4556054.078667785], [532434.560908866, 4556069.9638913935], [532391.3586273927, 4556105.7410575], [532169.2395611309, 4556129.737854477], [532125.424429032, 4556133.541564743], [532093.6211800516, 4556153.384460519], [532044.0645000386, 4556261.073458478], [532136.4295264225, 4556378.378063485], [532119.1230176208, 4556536.165324481], [532174.5001647589, 4556821.162762623], [532178.9424697037, 4556841.165055771], [532186.0570932884, 4556940.110885219], [532065.0346909608, 4556988.536161247], [531880.6693699012, 4557018.702171464], [531848.9316207445, 4557024.558498322], [531849.6910159247, 4557023.5626744805], [531850.4460535997, 4557023.565967585], [531734.8384522728, 4557043.045367507], [531515.6668477245, 4557091.053828469], [531317.75459158, 4557112.183334433], [531304.9233953938, 4557111.129180787], [531305.2329565578, 4557215.040584584], [531326.7726940295, 4557298.061209653], [531326.0262577132, 4557296.059736126], [531326.0262577132, 4557296.059736126], [531326.7769804678, 4557297.062092448], [531335.7041711623, 4557328.073602074], [531339.376283139, 4557352.068618092], [531281.2067787129, 4557359.812269795], [531221.4462280002, 4557386.533156391], [531212.3477924931, 4557395.486478141], [531147.2516724486, 4557434.174788652], [531020.9128513604, 4557493.585069043], [530912.5307024049, 4557592.039807748], [530843.9537355057, 4557740.620975881], [530785.6327945621, 4557964.181226665], [530704.0179779425, 4558162.665569719], [530592.4029857763, 4558135.220289358], [530381.3075831663, 4558066.397469411], [530227.4634137637, 4558026.792551051], [530176.924203475, 4558016.592109611], [530035.6035553623, 4558051.978162425], [529891.4794828921, 4558219.241286135], [529791.3131171035, 4558345.721966358], [529778.463517147, 4558349.6660754075], [529768.6824223028, 4558341.63309802], [529764.9079213766, 4558341.617705845]]"
1399519052620000076,C,,,20000076,1399519052,A,False,"[[-8.61822, 41.160078], [-8.618877, 41.160321], [-8.620344, 41.160663], [-8.621073, 41.16096], [-8.620803, 41.162544], [-8.620839, 41.162643], [-8.620776, 41.162877], [-8.620668, 41.163804], [-8.620668, 41.163786], [-8.620677, 41.163786], [-8.621757, 41.164236], [-8.624403, 41.164443], [-8.625411, 41.164497], [-8.629119, 41.165037], [-8.632422, 41.164335], [-8.635545, 41.163993], [-8.639541, 41.164992], [-8.643051, 41.167962], [-8.646795, 41.171022], [-8.650674, 41.174199]]",1399519337,"[[532030.5060286141, 4556597.722548415], [531975.2669527314, 4556624.457155017], [531852.0234933426, 4556661.885763039], [531790.718893609, 4556694.590117109], [531812.6050468003, 4556870.533257078], [531809.5369618554, 4556881.510384086], [531814.7091593066, 4556907.510441012], [531823.3212991941, 4557010.458945868], [531823.3300071566, 4557008.460712183], [531822.5749679357, 4557008.45742189], [531731.7531871945, 4557058.018996674], [531509.6740265959, 4557080.037476455], [531425.0846864837, 4557085.667777746], [531113.7564981177, 4557144.282745784], [530836.9915102043, 4557065.176236387], [530575.1541043571, 4557026.108134028], [530239.4585796676, 4557135.614168457], [529943.6466719819, 4557464.109315296], [529628.1918657224, 4557802.527964062], [529301.390273418, 4558153.903341454]]"
1399540829620000030,A,3731.0,,20000030,1399540874,A,False,"[[-8.599905, 41.175063], [-8.59986, 41.174892], [-8.599581, 41.174406], [-8.598528, 41.17266], [-8.597529, 41.170788], [-8.597304, 41.169888], [-8.597322, 41.169888], [-8.597304, 41.169789], [-8.597511, 41.168304], [-8.598177, 41.167107], [-8.597358, 41.166783], [-8.597439, 41.166621], [-8.597745, 41.16618], [-8.598519, 41.165487], [-8.597538, 41.164875], [-8.597736, 41.163696], [-8.598006, 41.162346], [-8.598312, 41.160735], [-8.598555, 41.159574], [-8.598618, 41.159097], [-8.598663, 41.159061], [-8.598636, 41.159052], [-8.598645, 41.158899], [-8.598942, 41.157423], [-8.599284, 41.155704], [-8.599437, 41.154615], [-8.599635, 41.153634], [-8.599545, 41.153589], [-8.599761, 41.152473], [-8.60013, 41.151177], [-8.600265, 41.150745], [-8.600472, 41.149224], [-8.600418, 41.148936], [-8.600355, 41.1489], [-8.600391, 41.148837], [-8.601687, 41.149044], [-8.601831, 41.148981], [-8.602128, 41.149467]]",1399541429,"[[533559.450963731, 4558268.154303262], [533563.3127971345, 4558249.188394185], [533586.9633082801, 4558195.343603701], [533676.182813373, 4558001.921464721], [533760.9419163751, 4557794.491839854], [533780.2781718401, 4557694.667308067], [533778.7682329204, 4557694.660322021], [533780.3290218322, 4557683.677007137], [533763.727043776, 4557518.742195761], [533708.4714220078, 4557385.601376519], [533777.3429336244, 4557349.950639097], [533770.6310636296, 4557331.935090055], [533745.187076865, 4557282.859645898], [533680.6108908696, 4557205.627810669], [533763.2222010581, 4557138.06787867], [533747.2164669046, 4557007.106729867], [533725.2573560906, 4556857.134526383], [533700.4107100944, 4556678.1741079455], [533680.6180614881, 4556549.194025538], [533675.5766000269, 4556496.2164823515], [533671.8195579896, 4556492.202610187], [533674.0894455921, 4556491.213937561], [533673.4126592806, 4556474.225478066], [533649.2493709152, 4556310.255578585], [533621.4334597772, 4556119.292301432], [533609.152434263, 4555998.340227642], [533593.0400519359, 4555889.360220763], [533600.6145893784, 4555884.399373686], [533583.0603608629, 4555760.42573575], [533552.7591801903, 4555616.410895526], [533541.6515929778, 4555568.401362653], [533525.0570274837, 4555399.4712429885], [533529.7349889873, 4555367.520368236], [533535.0398013459, 4555363.548171973], [533532.0510575616, 4555356.540505362], [533423.1955487172, 4555379.021849607], [533411.144192343, 4555371.97278172], [533385.9757490223, 4555425.811048444]]"
1399563629620000242,B,,18.0,20000242,1399563629,A,False,"[[-8.619804, 41.147973], [-8.619813, 41.147973], [-8.61984, 41.147964], [-8.62002, 41.147766], [-8.620758, 41.147316], [-8.622144, 41.147577], [-8.623476, 41.147919], [-8.624871, 41.14845], [-8.625402, 41.148774], [-8.625438, 41.148819], [-8.625609, 41.149809], [-8.625888, 41.152023], [-8.626356, 41.152563], [-8.626635, 41.152509], [-8.626725, 41.152473], [-8.627544, 41.152365], [-8.629119, 41.152491], [-8.629794, 41.152572], [-8.629965, 41.152617], [-8.630334, 41.152635], [-8.633196, 41.151582], [-8.635401, 41.150997], [-8.637435, 41.150304], [-8.637579, 41.15025], [-8.63766, 41.150223], [-8.637903, 41.150178], [-8.637957, 41.150169], [-8.63811, 41.150169], [-8.6382, 41.150124], [-8.638218, 41.150124], [-8.638281, 41.150106], [-8.638344, 41.150052], [-8.638479, 41.150007], [-8.638641, 41.149917], [-8.638857, 41.149827], [-8.638947, 41.149782], [-8.639136, 41.14971], [-8.639379, 41.149611], [-8.63946, 41.149611], [-8.639523, 41.149611], [-8.639613, 41.14962], [-8.63982, 41.14953], [-8.63991, 41.149503], [-8.639973, 41.149467], [-8.640018, 41.149476], [-8.64, 41.149476], [-8.640198, 41.149404], [-8.64027, 41.149377], [-8.640405, 41.149314], [-8.640513, 41.149323], [-8.64072, 41.149332], [-8.640981, 41.149314], [-8.641161, 41.149296], [-8.641368, 41.149278], [-8.641431, 41.149278], [-8.642007, 41.149314], [-8.643132, 41.149566], [-8.643708, 41.149872], [-8.644122, 41.150223], [-8.64459, 41.151132], [-8.644446, 41.151564], [-8.644329, 41.151717], [-8.643663, 41.151969], [-8.642799, 41.151753], [-8.642421, 41.151528], [-8.641557, 41.150808], [-8.640765, 41.149026], [-8.640279, 41.147037], [-8.639721, 41.144742], [-8.639172, 41.142492], [-8.637831, 41.139954], [-8.63595, 41.137434], [-8.635437, 41.134176], [-8.635626, 41.130747], [-8.635833, 41.127291], [-8.635986, 41.12397], [-8.635869, 41.121171], [-8.634006, 41.118903], [-8.631117, 41.11695], [-8.627769, 41.115474], [-8.625249, 41.114682], [-8.626212, 41.114592], [-8.625753, 41.116482], [-8.624754, 41.118471], [-8.623197, 41.119299], [-8.622216, 41.118489], [-8.621829, 41.117328], [-8.620308, 41.117373], [-8.618049, 41.117751], [-8.615637, 41.118219], [-8.615133, 41.118867], [-8.615349, 41.119956], [-8.615898, 41.119902], [-8.616465, 41.119911], [-8.615934, 41.119947], [-8.615763, 41.119992], [-8.615745, 41.120028], [-8.615745, 41.12001]]",1399565084,"[[531903.4799205284, 4555253.331037495], [531902.7246998177, 4555253.327739957], [531900.4633997811, 4555252.318733695], [531885.4549039741, 4555230.272293965], [531823.7441876625, 4555180.0466076955], [531707.3133075183, 4555208.515287887], [531595.375801681, 4555245.997438788], [531478.0625448532, 4555304.439919038], [531433.3501097806, 4555340.216199358], [531430.3077743156, 4555345.198774687], [531415.486205092, 4555455.0396312075], [531391.0189525991, 4555700.721178034], [531351.4926342882, 4555760.499435988], [531328.1081346312, 4555754.404319318], [531320.573582779, 4555750.375480081], [531251.9044940146, 4555738.091802994], [531119.6901230629, 4555751.515265243], [531063.0142322802, 4555760.266253636], [531048.6448122059, 4555765.200832544], [531017.6744688374, 4555767.067537518], [530778.0238148136, 4555649.155465266], [530593.2768766109, 4555583.435907614], [530422.9252345252, 4555505.791410593], [530410.8670868464, 4555499.746420141], [530404.0828108864, 4555496.720789666], [530383.7133295141, 4555491.640393167], [530379.1863127198, 4555490.622436597], [530366.347992625, 4555490.569065191], [530358.8167976445, 4555485.542109743], [530357.3064060161, 4555485.5358338], [530352.0283366576, 4555483.515642055], [530346.7668641759, 4555477.498997374], [530335.4596565514, 4555472.456383244], [530321.9075730479, 4555462.408812891], [530303.8242570314, 4555452.34247255], [530296.2929798877, 4555447.315582298], [530280.4669121852, 4555439.256923643], [530260.1220155937, 4555428.182188956], [530253.3252004094, 4555428.154041776], [530248.0387886049, 4555428.132153898], [530240.4826364082, 4555429.100006231], [530223.154329687, 4555419.036992945], [530215.6146993473, 4555416.008414736], [530210.344803703, 4555411.99009792], [530206.5646563553, 4555412.973599654], [530208.0750628145, 4555412.979844353], [530191.493620699, 4555404.918257395], [530185.4643716245, 4555401.895952085], [530174.1651898127, 4555394.855361354], [530165.0986038207, 4555395.81705406], [530147.7247667009, 4555396.744475303], [530125.8320646356, 4555394.655910859], [530110.7361982081, 4555392.595420117], [530093.3747070964, 4555390.525628589], [530088.088268694, 4555390.50385659], [530039.7386864406, 4555394.301431695], [529945.2233954603, 4555421.88910682], [529896.7514530744, 4555455.661047667], [529861.8530537451, 4555494.484427814], [529822.1710240032, 4555595.234560474], [529834.0581296155, 4555643.2413802445], [529843.8060758171, 4555660.26642187], [529899.574715073, 4555688.470122885], [529972.1698504993, 4555664.788442577], [530003.9898696651, 4555639.940775015], [530076.8161700628, 4555560.309727932], [530144.0888932646, 4555362.759019298], [530185.7823386521, 4555142.123233345], [530233.6607910921, 4554887.542892407], [530280.7664775178, 4554637.955383494], [530394.4754363124, 4554356.672774027], [530553.5051606613, 4554077.5795362145], [530598.0735424183, 4553716.081174646], [530583.8030330233, 4553335.353434281], [530568.0323771544, 4552951.622309463], [530556.7301487575, 4552582.897043472], [530567.8503398367, 4552272.215045883], [530725.3023244018, 4552021.094907394], [530968.7531078724, 4551805.311172368], [531250.5275676125, 4551642.652800288], [531462.4718789229, 4551555.638163656], [531381.6652703985, 4551545.29979623], [531419.2998493694, 4551755.277977354], [531502.2184616963, 4551976.44174172], [531632.5326484253, 4552068.92391327], [531715.2774619467, 4551979.360742618], [531748.3259218279, 4551850.616646372], [531875.9958587578, 4551856.167545787], [532065.4604066678, 4551898.959050559], [532267.7232800571, 4551951.803222498], [532309.7169855295, 4552023.925861123], [532291.0499322085, 4552144.737998293], [532244.9882895276, 4552138.540005589], [532197.384696578, 4552139.329416245], [532241.9440963042, 4552143.5222287625], [532256.2773672884, 4552148.581072735], [532257.7708243782, 4552152.584174589], [532257.7796375796, 4552150.585955917]]"
1399594649620000305,C,,,20000305,1399594649,A,False,"[[-8.614044, 41.146425], [-8.614044, 41.146479], [-8.613999, 41.146686], [-8.613882, 41.147037], [-8.613639, 41.147334], [-8.613378, 41.1471], [-8.613477, 41.146353], [-8.613018, 41.145858], [-8.611398, 41.146047], [-8.611083, 41.147487], [-8.611074, 41.147586], [-8.611056, 41.14791], [-8.610435, 41.149332], [-8.610066, 41.150628], [-8.610057, 41.150727], [-8.610084, 41.150745], [-8.609841, 41.151042], [-8.609922, 41.15196], [-8.609967, 41.153067], [-8.609868, 41.154093], [-8.609436, 41.155848], [-8.608923, 41.15799], [-8.607888, 41.160195], [-8.606403, 41.164083], [-8.606628, 41.166567], [-8.606493, 41.168889], [-8.604855, 41.170968], [-8.604711, 41.172795], [-8.605305, 41.173695], [-8.602731, 41.173695], [-8.600328, 41.174217], [-8.599932, 41.174523], [-8.599905, 41.175036]]",1399595129,"[[532387.5829052661, 4555083.609854217], [532387.5563344628, 4555089.6045378735], [532391.2306571895, 4555112.600897635], [532400.8759351843, 4555151.60987366], [532421.1208913857, 4555184.67108769], [532443.1378474431, 4555158.791334469], [532435.1984134029, 4555075.827990951], [532473.959833192, 4555021.047801967], [532609.8103114748, 4555042.6346110655], [532635.5298180456, 4555202.610872047], [532636.2359553563, 4555213.604501259], [532637.5857425727, 4555249.579359743], [532688.9897573653, 4555407.672385363], [532719.3088538544, 4555551.683489322], [532720.0148236525, 4555562.677133571], [532717.7403073912, 4555564.665216924], [532737.982666811, 4555597.727345235], [532730.7294218369, 4555699.606610121], [532726.4030236587, 4555822.480846469], [532734.1994286617, 4555936.417201879], [532769.5726460572, 4556131.407238019], [532811.54689729, 4556369.390029452], [532897.2815139117, 4556614.564115978], [533019.9182226307, 4557046.744815783], [532999.7961064036, 4557322.415871767], [533009.955820576, 4557580.239442506], [533146.3145030113, 4557811.658263938], [533157.4726245352, 4558014.534170967], [533107.1937304523, 4558114.219906416], [533323.1024722832, 4558115.202293961], [533524.401507867, 4558174.074079686], [533557.46181461, 4558208.196746883], [533559.4647437785, 4558265.156945884]]"
1399619919620000330,C,,,20000330,1399619919,A,False,"[[-8.613225, 41.154453], [-8.613252, 41.154363], [-8.613261, 41.154345], [-8.612685, 41.153751], [-8.611992, 41.154291], [-8.61192, 41.156073], [-8.610723, 41.15718], [-8.61039, 41.157198], [-8.610246, 41.157207], [-8.60895, 41.157801], [-8.60814, 41.159574], [-8.607762, 41.16033], [-8.606412, 41.163732], [-8.606394, 41.165613], [-8.60643, 41.166054], [-8.606475, 41.166945], [-8.606403, 41.168943], [-8.60571, 41.16996], [-8.605044, 41.170779], [-8.605035, 41.170779], [-8.605053, 41.17077], [-8.605062, 41.170761], [-8.604216, 41.17194], [-8.606628, 41.172831], [-8.60922, 41.174055], [-8.611668, 41.174505], [-8.612496, 41.174568], [-8.613828, 41.174523], [-8.61498, 41.174352], [-8.616609, 41.174109], [-8.618877, 41.173884], [-8.621946, 41.174073]]",1399620384,"[[532452.3507197447, 4555975.125065709], [532450.1296631228, 4555965.123848489], [532449.3833919782, 4555963.122263369], [532498.0061958135, 4555897.395498383], [532555.8859304505, 4555957.601322225], [532561.0452997023, 4556155.453115042], [532660.9278038095, 4556278.7927339235], [532688.8581221495, 4556280.915949283], [532700.9354884973, 4556281.969145232], [532809.3758266299, 4556348.398417303], [532876.4495799715, 4556545.529885737], [532907.7851151893, 4556629.598486016], [533019.339374149, 4557007.775835259], [533019.9052121418, 4557216.598162851], [533016.6637762118, 4557265.541260477], [533012.4415124744, 4557364.436828286], [533017.4785196008, 4557586.268287888], [533075.1005353513, 4557699.4317501895], [533130.5556200162, 4557790.604816524], [533131.3105791511, 4557790.608242537], [533129.8051947354, 4557789.602272288], [533129.0547692474, 4557788.599728133], [533199.4257472584, 4557919.806612177], [532996.6531963175, 4558017.802061837], [532778.6216291233, 4558152.7027095985], [532573.0600808355, 4558201.739511842], [532503.5766425137, 4558208.423765408], [532391.8713103642, 4558202.931540561], [532295.3260415936, 4558183.520144475], [532158.8047267405, 4558155.940707162], [531968.6740832994, 4558130.127142724], [531711.1540927207, 4558149.985817275]]"
1399642434620000114,B,,21.0,20000114,1399642434,A,False,"[[-8.628939, 41.160987], [-8.628156, 41.161473], [-8.627571, 41.163111], [-8.627436, 41.163255], [-8.6274, 41.163237], [-8.6274, 41.163624], [-8.627517, 41.164857], [-8.629515, 41.165091], [-8.631351, 41.164839], [-8.631756, 41.164632], [-8.633736, 41.163732], [-8.635995, 41.164245], [-8.636067, 41.164272], [-8.636076, 41.164263], [-8.636598, 41.164434], [-8.638578, 41.164794], [-8.639811, 41.165307], [-8.641908, 41.165073], [-8.642331, 41.165154], [-8.643465, 41.165325], [-8.646417, 41.165793], [-8.647272, 41.166], [-8.648946, 41.166216], [-8.649621, 41.166315], [-8.651844, 41.166639], [-8.653464, 41.166909], [-8.653608, 41.166927], [-8.654067, 41.166963], [-8.6553, 41.165901], [-8.655804, 41.164677], [-8.656119, 41.164281], [-8.656254, 41.164362], [-8.656245, 41.164371]]",1399642914,"[[531130.7735326315, 4556694.7446418805], [531196.2342701255, 4556748.977229854], [531244.5355595124, 4556931.026240506], [531255.7928429609, 4556947.06057203], [531258.8215772305, 4556945.075265833], [531258.637680114, 4556988.037282852], [531248.2364167701, 4557124.874277746], [531080.509893431, 4557150.135972954], [530926.6034522427, 4557121.506748289], [530892.7244530622, 4557098.383244529], [530727.038393188, 4556997.770746876], [530537.285284658, 4557053.925433824], [530531.2324826715, 4557056.897527279], [530530.4816263694, 4557055.895253867], [530486.6104272916, 4557074.6955146175], [530320.3375392603, 4557113.96859712], [530216.6631222059, 4557170.489491874], [530040.8499735179, 4557143.78661278], [530005.3268871477, 4557152.632762566], [529910.1161998949, 4557171.225692924], [529662.2581753437, 4557222.169588898], [529590.4385443561, 4557244.858262048], [529449.9093244167, 4557268.269331753], [529393.2392589411, 4557279.03145584], [529206.6079575467, 4557314.251355742], [529070.5875245437, 4557343.682536693], [529058.4995242626, 4557345.632686152], [529019.9784984549, 4557349.476018297], [528917.010061276, 4557231.169879559], [528875.2665547275, 4557095.122710091], [528849.0142269821, 4557051.057140131], [528837.6532199221, 4557060.004454132], [528838.4043064696, 4557061.006552239]]"
1399663051620000662,B,,15.0,20000662,1399663051,A,False,"[[-8.585694, 41.148612], [-8.586099, 41.148999], [-8.587836, 41.149323], [-8.590212, 41.149944], [-8.592903, 41.150655], [-8.594037, 41.150952], [-8.594163, 41.150997], [-8.594622, 41.152176], [-8.595018, 41.15349], [-8.595342, 41.154453], [-8.595261, 41.154453], [-8.595333, 41.154435], [-8.595441, 41.154417], [-8.595342, 41.155056], [-8.595216, 41.155308], [-8.594586, 41.156352], [-8.593713, 41.15799], [-8.59293, 41.159205], [-8.592174, 41.160483], [-8.592192, 41.160492], [-8.591787, 41.161239], [-8.590923, 41.162337], [-8.59023, 41.163165], [-8.589735, 41.163741], [-8.589753, 41.163786], [-8.589753, 41.163813], [-8.589366, 41.164254], [-8.588592, 41.16609], [-8.587755, 41.167953], [-8.586477, 41.168898], [-8.584308, 41.168619], [-8.582427, 41.168457], [-8.582238, 41.167602], [-8.58222, 41.166639], [-8.580951, 41.165946], [-8.579421, 41.165406], [-8.579043, 41.165442], [-8.577999, 41.166405], [-8.576973, 41.167746], [-8.578287, 41.167737], [-8.578422, 41.167485], [-8.578422, 41.167485], [-8.578422, 41.167485], [-8.578485, 41.167449], [-8.57952, 41.16771], [-8.579736, 41.168763]]",1399663726,"[[534765.4296770323, 4555337.326657698], [534731.2408341068, 4555380.126968504], [534585.3151702908, 4555415.403697863], [534385.6164378838, 4555483.401576565], [534159.4430621552, 4555561.272416836], [534064.1353608401, 4555593.798932075], [534053.5394599659, 4555598.74521926], [534014.4155709881, 4555729.4498838885], [533980.5094511781, 4555875.166094886], [533952.8268908821, 4555981.945053812], [533959.6232107328, 4555981.976645737], [533953.5913253591, 4555979.950332448], [533944.5388484373, 4555977.909987529], [533952.5157536424, 4556048.885804828], [533962.9576407516, 4556076.910192058], [534015.2775162495, 4556193.053593944], [534087.6760061242, 4556375.234193173], [534152.7395311601, 4556510.421794157], [534215.5026154247, 4556652.5932224], [534213.9877799281, 4556653.585264402], [534247.5773893076, 4556736.671216177], [534319.4911789855, 4556858.903765421], [534377.197807871, 4556951.095996472], [534418.4240010466, 4557015.235110286], [534416.8903766326, 4557020.223579837], [534416.8762501162, 4557023.220931878], [534449.1119879129, 4557072.330771881], [534513.0815841598, 4557276.457372265], [534582.3182688765, 4557483.6070039645], [534689.028681951, 4557589.022980577], [534871.1270235871, 4557558.917048603], [535029.005003537, 4557541.688239751], [535045.3152844986, 4557446.848091923], [535047.3384084178, 4557339.949708144], [535154.1647683182, 4557263.529372595], [535282.8069637135, 4557204.201360944], [535314.4985239723, 4557208.351123433], [535401.5626254119, 4557315.680831841], [535486.9102085743, 4557464.967238629], [535376.685881281, 4557463.433216008], [535365.4964650032, 4557435.403044708], [535365.4964650032, 4557435.403044708], [535365.4964650032, 4557435.403044708], [535360.2308381359, 4557431.38097594], [535273.2661300515, 4557459.935444039], [535254.5818202093, 4557576.744770106]]"
1399687645620000542,B,,52.0,20000542,1399687645,A,False,"[[-8.613252, 41.154381], [-8.613279, 41.154336], [-8.613297, 41.154237], [-8.612388, 41.153805], [-8.6121, 41.154993], [-8.614107, 41.155398], [-8.617599, 41.156001], [-8.619903, 41.156334], [-8.620875, 41.156892], [-8.622468, 41.157936], [-8.624565, 41.159205], [-8.624547, 41.160582], [-8.624628, 41.162355], [-8.624745, 41.163147], [-8.62479, 41.163147], [-8.624799, 41.163156], [-8.624808, 41.163192], [-8.624853, 41.163858], [-8.624826, 41.164074], [-8.62497, 41.165217], [-8.625366, 41.166864], [-8.626113, 41.166936], [-8.626131, 41.166945], [-8.626149, 41.166936], [-8.626158, 41.166936], [-8.626419, 41.166954], [-8.628282, 41.167413], [-8.630271, 41.168169], [-8.631756, 41.169285], [-8.633178, 41.1696], [-8.635275, 41.169411], [-8.635914, 41.168943], [-8.636193, 41.168844], [-8.637399, 41.169672], [-8.637984, 41.169501], [-8.637912, 41.169519]]",1399688170,"[[532450.1207865968, 4555967.122079142], [532447.8775345944, 4555962.116439341], [532446.4160541823, 4555951.119462516], [532522.8996053264, 4555903.501093126], [532546.4769332152, 4556035.491943206], [532377.881377783, 4556079.703793497], [532084.5947548219, 4556145.351728547], [531891.1204367586, 4556181.472452761], [531809.2972027065, 4556243.062015044], [531675.138656721, 4556358.37860831], [531498.5913410246, 4556498.49307791], [531499.4422295019, 4556651.364355191], [531491.7978059559, 4556848.160975037], [531481.603058971, 4556936.0409147935], [531477.8278264342, 4556936.024640984], [531477.0684734192, 4556937.020503124], [531476.2962013887, 4556941.013715356], [531472.2023333125, 4557014.932082336], [531474.3640978982, 4557038.920648157], [531461.7368303563, 4557165.756439062], [531427.7288839465, 4557348.451821011], [531365.0292320852, 4557356.175309206], [531363.5149345413, 4557357.167940366], [531362.0092200906, 4557356.162337235], [531361.2542170923, 4557356.159094438], [531339.3505537035, 4557358.063321867], [531182.8473680347, 4557408.349194966], [531015.6364194843, 4557491.564382524], [530890.5391055219, 4557614.926847119], [530771.1055235104, 4557649.392249523], [530595.2848947337, 4557627.671515251], [530541.8990373639, 4557575.4929763945], [530518.5406004381, 4557564.40481855], [530416.9902097441, 4557655.901463469], [530367.9960233645, 4557636.713950484], [530374.02749766, 4557638.737309827]]"
1399706028620000373,B,,58.0,20000373,1399706028,A,False,"[[-8.60481, 41.16114], [-8.604846, 41.161077], [-8.604738, 41.160465], [-8.604603, 41.16042], [-8.603388, 41.160069], [-8.601291, 41.159466], [-8.599149, 41.158854], [-8.598978, 41.158818], [-8.598951, 41.158818], [-8.598924, 41.157927], [-8.599131, 41.156325], [-8.599392, 41.154642], [-8.599545, 41.153193], [-8.597511, 41.152581], [-8.597034, 41.152329], [-8.597034, 41.152329], [-8.597133, 41.152023], [-8.598078, 41.15043], [-8.599365, 41.149314], [-8.598618, 41.148459], [-8.598627, 41.148468], [-8.598627, 41.148477], [-8.59806, 41.147973], [-8.597682, 41.146812], [-8.597412, 41.146092], [-8.597448, 41.146083], [-8.597448, 41.146056], [-8.597025, 41.145939], [-8.596584, 41.145984], [-8.596503, 41.145975], [-8.596476, 41.145966], [-8.596377, 41.145975], [-8.596224, 41.14593], [-8.595756, 41.145885]]",1399706523,"[[533155.0428322987, 4556720.639106811], [533152.0543006, 4556713.631579639], [533161.4236325443, 4556645.732788665], [533172.7724859212, 4556640.788641753], [533274.8855518707, 4556602.286809559], [533451.1262767066, 4556536.149684244], [533631.1503095275, 4556469.035066769], [533645.5155452538, 4556465.104676886], [533647.7808347765, 4556465.115112426], [533650.5018278616, 4556366.213039555], [533633.9532753533, 4556188.2903925385], [533612.914365914, 4556001.354947135], [533600.816790402, 4555840.438296938], [533771.7972686753, 4555773.285433285], [533811.9506562256, 4555745.495339559], [533811.9506562256, 4555745.495339559], [533803.800958725, 4555711.486980473], [533725.3239792518, 4555534.277150348], [533617.901467492, 4555409.889209441], [533681.0210717506, 4555315.2620049985], [533680.2612508015, 4555316.257638232], [533680.256645245, 4555317.256752777], [533728.0934764594, 4555261.525815045], [533760.4082602883, 4555132.786549306], [533783.4348343054, 4555052.962130416], [533780.4184828935, 4555051.949049817], [533780.4323394791, 4555048.951707374], [533815.9888679602, 4555036.127408131], [533852.9726964168, 4555041.294333541], [533859.7745204873, 4555040.326713082], [533862.0448822628, 4555039.338098239], [533870.3479354215, 4555040.375715837], [533883.2102466357, 4555035.43966901], [533922.5061491309, 4555030.626311422]]"
1399742755620000305,A,2002.0,,20000305,1399742755,A,False,"[[-8.621064, 41.149836], [-8.622981, 41.150277], [-8.622954, 41.149386], [-8.622774, 41.148729], [-8.622747, 41.148063], [-8.621658, 41.147631], [-8.62065, 41.147451], [-8.620551, 41.146821], [-8.620236, 41.146218], [-8.619048, 41.146128], [-8.617887, 41.146326], [-8.617455, 41.145309], [-8.616438, 41.145111], [-8.615835, 41.145372], [-8.614791, 41.145777], [-8.613774, 41.14593], [-8.612442, 41.146065], [-8.612442, 41.145939], [-8.610849, 41.145858], [-8.610867, 41.145228], [-8.610876, 41.145273], [-8.610777, 41.144679], [-8.610534, 41.143743], [-8.610408, 41.143185], [-8.61039, 41.143176], [-8.610381, 41.143185]]",1399743130,"[[531796.8489588526, 4555459.686792646], [531635.7795210914, 4555507.945107883], [531638.4734297323, 4555409.042594077], [531653.8935010926, 4555336.172674567], [531656.479466429, 4555262.248043923], [531748.0694227163, 4555214.687058693], [531832.741635297, 4555195.0727948155], [531841.3538993133, 4555125.171015042], [531868.0790339701, 4555058.3456223225], [531967.8145364826, 4555048.789946268], [532065.144285501, 4555071.197329984], [532101.8917756841, 4554958.456643565], [532187.3319935584, 4554936.851564619], [532237.8061579294, 4554966.048928019], [532325.2163368561, 4555011.396080867], [532410.4837963344, 4555028.759050286], [532522.1932407939, 4555044.242390974], [532522.255496119, 4555030.254796511], [532655.9738960554, 4555021.858962166], [532654.7759446625, 4554951.91424336], [532653.9983687961, 4554956.906437276], [532662.6008828088, 4554891.002059901], [532683.4575937239, 4554787.185420026], [532694.3084997466, 4554725.287682506], [532695.8235213723, 4554724.295327224], [532696.5743270352, 4554725.297819853]]"
